--------------------------------------------------------
--  File created - понедельник-Март-23-2015   
--------------------------------------------------------
REM INSERTING into SIC.CORE_SUBSYSTEM
SET DEFINE OFF;
Insert into SIC.CORE_SUBSYSTEM (SUBSYSTEM_NUMBER,SUBSYSTEM_NAME,SUBSYSTEM_CODE) values ('1','Управление доступом','ACCESS_CONTROL');
Insert into SIC.CORE_SUBSYSTEM (SUBSYSTEM_NUMBER,SUBSYSTEM_NAME,SUBSYSTEM_CODE) values ('2','Справочники и классификаторы','DESCRIPTORS');
Insert into SIC.CORE_SUBSYSTEM (SUBSYSTEM_NUMBER,SUBSYSTEM_NAME,SUBSYSTEM_CODE) values ('3','Места хранения','STORAGE');
Insert into SIC.CORE_SUBSYSTEM (SUBSYSTEM_NUMBER,SUBSYSTEM_NAME,SUBSYSTEM_CODE) values ('6','АС "Запросы"','SUBSYSTEM_QQ');
Insert into SIC.CORE_SUBSYSTEM (SUBSYSTEM_NUMBER,SUBSYSTEM_NAME,SUBSYSTEM_CODE) values ('0','Все системы','ALL');

REM INSERTING into SIC.CORE_PARAMETER
SET DEFINE OFF;
Insert into SIC.CORE_PARAMETER (PARAMETER_CODE,SUBSYSTEM_NUMBER,PARAMETER_NAME,PARAMETER_DESCRIPTION,PARAMETER_VALUE) values ('QQ_INFO_DOC','6','Папка для файлов уведомления заявителю','Папка на  файловой системе относительно QQ_DOC_ROOT','Info');
Insert into SIC.CORE_PARAMETER (PARAMETER_CODE,SUBSYSTEM_NUMBER,PARAMETER_NAME,PARAMETER_DESCRIPTION,PARAMETER_VALUE) values ('QQ_DATABASE_OK','6','Флаг успешной инициализации справочников','Флаг корректной инициализации схемы','Mon Aug 04 17:30:00 MSK 2014');
Insert into SIC.CORE_PARAMETER (PARAMETER_CODE,SUBSYSTEM_NUMBER,PARAMETER_NAME,PARAMETER_DESCRIPTION,PARAMETER_VALUE) values ('DOCUMENT_ROOT','0','Корень файловой системы','Относительно него указываются пути к файлам','F:/STATICS/FILES.war');
Insert into SIC.CORE_PARAMETER (PARAMETER_CODE,SUBSYSTEM_NUMBER,PARAMETER_NAME,PARAMETER_DESCRIPTION,PARAMETER_VALUE) values ('URL_ROOT','0','Кореневой путь веб сервера','Относительно него строятся ссылка на файл','http://212.22.95.46:8990/');
Insert into SIC.CORE_PARAMETER (PARAMETER_CODE,SUBSYSTEM_NUMBER,PARAMETER_NAME,PARAMETER_DESCRIPTION,PARAMETER_VALUE) values ('QQ_DOC_ROOT','6','Папка для файлов','Папка на файловой системе относительно DOCUMENT_ROOT для файлов АС Запросы','QQ_QUERIES');
Insert into SIC.CORE_PARAMETER (PARAMETER_CODE,SUBSYSTEM_NUMBER,PARAMETER_NAME,PARAMETER_DESCRIPTION,PARAMETER_VALUE) values ('QQ_APPLICANT_DOC','6','Папка для файлов заявителя','Папка на  файловой системе относительно QQ_DOC_ROOT','Applicant');
Insert into SIC.CORE_PARAMETER (PARAMETER_CODE,SUBSYSTEM_NUMBER,PARAMETER_NAME,PARAMETER_DESCRIPTION,PARAMETER_VALUE) values ('QQ_ANSWER_DOC','6','Папка для файлов ответа','Папка на файловой системе относительно QQ_DOC_ROOT','Archive');

REM INSERTING into SIC.DESC_DATATYPE
SET DEFINE OFF;
Insert into SIC.DESC_DATATYPE (DATATYPE_CODE,TYPE_NAME,SORT_ORDER) values ('TEXT','Текстовый','1');
Insert into SIC.DESC_DATATYPE (DATATYPE_CODE,TYPE_NAME,SORT_ORDER) values ('BOOLEAN','Логический','2');
Insert into SIC.DESC_DATATYPE (DATATYPE_CODE,TYPE_NAME,SORT_ORDER) values ('DESCRIPTOR','Справочник','3');

REM INSERTING into SIC.DESCRIPTOR_GROUP
SET DEFINE OFF;
Insert into SIC.DESCRIPTOR_GROUP (DESCRIPTOR_GROUP_ID,SUBSYSTEM_NUMBER,GROUP_NAME,GROUP_CODE,SORT_ORDER,IS_SYSTEM,IS_HIERARCHICAL,SHORT_VALUE_SUPPORTED,ALPHABETIC_SORT) values ('104','1','Должность','POSITION','4','1','0','0','0');
Insert into SIC.DESCRIPTOR_GROUP (DESCRIPTOR_GROUP_ID,SUBSYSTEM_NUMBER,GROUP_NAME,GROUP_CODE,SORT_ORDER,IS_SYSTEM,IS_HIERARCHICAL,SHORT_VALUE_SUPPORTED,ALPHABETIC_SORT) values ('105','3','Вид документов','DOCUMENT_TYPE','1','1','0','0','0');
Insert into SIC.DESCRIPTOR_GROUP (DESCRIPTOR_GROUP_ID,SUBSYSTEM_NUMBER,GROUP_NAME,GROUP_CODE,SORT_ORDER,IS_SYSTEM,IS_HIERARCHICAL,SHORT_VALUE_SUPPORTED,ALPHABETIC_SORT) values ('103','1','Организационная структура','ORG_STRUCTURE','3','1','1','1','0');
Insert into SIC.DESCRIPTOR_GROUP (DESCRIPTOR_GROUP_ID,SUBSYSTEM_NUMBER,GROUP_NAME,GROUP_CODE,SORT_ORDER,IS_SYSTEM,IS_HIERARCHICAL,SHORT_VALUE_SUPPORTED,ALPHABETIC_SORT) values ('101','1','Тип пользователя','USER_TYPE','1','1','0','0','0');
Insert into SIC.DESCRIPTOR_GROUP (DESCRIPTOR_GROUP_ID,SUBSYSTEM_NUMBER,GROUP_NAME,GROUP_CODE,SORT_ORDER,IS_SYSTEM,IS_HIERARCHICAL,SHORT_VALUE_SUPPORTED,ALPHABETIC_SORT) values ('102','1','Тип элемента организационной структуры','ORG_STRUCTURE_TYPE','2','1','0','0','0');
Insert into SIC.DESCRIPTOR_GROUP (DESCRIPTOR_GROUP_ID,SUBSYSTEM_NUMBER,GROUP_NAME,GROUP_CODE,SORT_ORDER,IS_SYSTEM,IS_HIERARCHICAL,SHORT_VALUE_SUPPORTED,ALPHABETIC_SORT) values ('147','6','Статус уведомления','Q_DICT_NOTIFY_STATUSES','14','1','0','0','0');
Insert into SIC.DESCRIPTOR_GROUP (DESCRIPTOR_GROUP_ID,SUBSYSTEM_NUMBER,GROUP_NAME,GROUP_CODE,SORT_ORDER,IS_SYSTEM,IS_HIERARCHICAL,SHORT_VALUE_SUPPORTED,ALPHABETIC_SORT) values ('133','6','Способ передачи','QQ_TRANSMISSION_MODE','0','1','0','0','1');
Insert into SIC.DESCRIPTOR_GROUP (DESCRIPTOR_GROUP_ID,SUBSYSTEM_NUMBER,GROUP_NAME,GROUP_CODE,SORT_ORDER,IS_SYSTEM,IS_HIERARCHICAL,SHORT_VALUE_SUPPORTED,ALPHABETIC_SORT) values ('134','6','Тип запроса','Q_DICT_QUEST_TYPE','1','1','0','0','1');
Insert into SIC.DESCRIPTOR_GROUP (DESCRIPTOR_GROUP_ID,SUBSYSTEM_NUMBER,GROUP_NAME,GROUP_CODE,SORT_ORDER,IS_SYSTEM,IS_HIERARCHICAL,SHORT_VALUE_SUPPORTED,ALPHABETIC_SORT) values ('135','6','Форма выдачи ответа','Q_DICT_ANSWER_FORM','2','1','0','0','1');
Insert into SIC.DESCRIPTOR_GROUP (DESCRIPTOR_GROUP_ID,SUBSYSTEM_NUMBER,GROUP_NAME,GROUP_CODE,SORT_ORDER,IS_SYSTEM,IS_HIERARCHICAL,SHORT_VALUE_SUPPORTED,ALPHABETIC_SORT) values ('136','6','Тип заявителя','Q_DICT_APPLICANT_TYPE','3','1','0','0','0');
Insert into SIC.DESCRIPTOR_GROUP (DESCRIPTOR_GROUP_ID,SUBSYSTEM_NUMBER,GROUP_NAME,GROUP_CODE,SORT_ORDER,IS_SYSTEM,IS_HIERARCHICAL,SHORT_VALUE_SUPPORTED,ALPHABETIC_SORT) values ('137','6','Категория заявителя','Q_DICT_APP_CATEGORY','4','1','0','0','0');
Insert into SIC.DESCRIPTOR_GROUP (DESCRIPTOR_GROUP_ID,SUBSYSTEM_NUMBER,GROUP_NAME,GROUP_CODE,SORT_ORDER,IS_SYSTEM,IS_HIERARCHICAL,SHORT_VALUE_SUPPORTED,ALPHABETIC_SORT) values ('138','6','Тип документов','Q_DICT_DOC_TYPES','5','1','0','0','1');
Insert into SIC.DESCRIPTOR_GROUP (DESCRIPTOR_GROUP_ID,SUBSYSTEM_NUMBER,GROUP_NAME,GROUP_CODE,SORT_ORDER,IS_SYSTEM,IS_HIERARCHICAL,SHORT_VALUE_SUPPORTED,ALPHABETIC_SORT) values ('139','6','Этап согласования документа','Q_DICT_THE_EHDORSEMENT','6','1','0','0','0');
Insert into SIC.DESCRIPTOR_GROUP (DESCRIPTOR_GROUP_ID,SUBSYSTEM_NUMBER,GROUP_NAME,GROUP_CODE,SORT_ORDER,IS_SYSTEM,IS_HIERARCHICAL,SHORT_VALUE_SUPPORTED,ALPHABETIC_SORT) values ('140','6','Способ отправки','Q_DICT_DELIVERY_METHOD','7','1','0','0','0');
Insert into SIC.DESCRIPTOR_GROUP (DESCRIPTOR_GROUP_ID,SUBSYSTEM_NUMBER,GROUP_NAME,GROUP_CODE,SORT_ORDER,IS_SYSTEM,IS_HIERARCHICAL,SHORT_VALUE_SUPPORTED,ALPHABETIC_SORT) values ('141','6','Территория хранилища','Q_DICT_STORAGE','8','1','0','0','0');
Insert into SIC.DESCRIPTOR_GROUP (DESCRIPTOR_GROUP_ID,SUBSYSTEM_NUMBER,GROUP_NAME,GROUP_CODE,SORT_ORDER,IS_SYSTEM,IS_HIERARCHICAL,SHORT_VALUE_SUPPORTED,ALPHABETIC_SORT) values ('142','6','Результат ответа','Q_DICT_RESULT_ANSER','9','1','0','0','1');
Insert into SIC.DESCRIPTOR_GROUP (DESCRIPTOR_GROUP_ID,SUBSYSTEM_NUMBER,GROUP_NAME,GROUP_CODE,SORT_ORDER,IS_SYSTEM,IS_HIERARCHICAL,SHORT_VALUE_SUPPORTED,ALPHABETIC_SORT) values ('143','6','Тематика ответа','Q_DICT_THEMATIC_ANSW','10','1','0','0','1');
Insert into SIC.DESCRIPTOR_GROUP (DESCRIPTOR_GROUP_ID,SUBSYSTEM_NUMBER,GROUP_NAME,GROUP_CODE,SORT_ORDER,IS_SYSTEM,IS_HIERARCHICAL,SHORT_VALUE_SUPPORTED,ALPHABETIC_SORT) values ('144','6','Категория сложности','Q_DICT_DIFF_CATEGORY','11','1','0','0','0');
Insert into SIC.DESCRIPTOR_GROUP (DESCRIPTOR_GROUP_ID,SUBSYSTEM_NUMBER,GROUP_NAME,GROUP_CODE,SORT_ORDER,IS_SYSTEM,IS_HIERARCHICAL,SHORT_VALUE_SUPPORTED,ALPHABETIC_SORT) values ('145','6','Тип прикрепленного файла','Q_DICT_FILE_TYPE','12','1','0','0','0');
Insert into SIC.DESCRIPTOR_GROUP (DESCRIPTOR_GROUP_ID,SUBSYSTEM_NUMBER,GROUP_NAME,GROUP_CODE,SORT_ORDER,IS_SYSTEM,IS_HIERARCHICAL,SHORT_VALUE_SUPPORTED,ALPHABETIC_SORT) values ('146','6','Состояния запроса','Q_DICT_QUESTION_STATUSES','13','1','0','0','0');

REM INSERTING into SIC.DESCRIPTOR_VALUE
SET DEFINE OFF;
Insert into SIC.DESCRIPTOR_VALUE (DESCRIPTOR_VALUE_ID,DESCRIPTOR_GROUP_ID,FULL_VALUE,SHORT_VALUE,VALUE_CODE,SORT_ORDER,PARENT_VALUE_ID) values ('81','101','Технический пользователь',null,'TECH_USER','1',null);
Insert into SIC.DESCRIPTOR_VALUE (DESCRIPTOR_VALUE_ID,DESCRIPTOR_GROUP_ID,FULL_VALUE,SHORT_VALUE,VALUE_CODE,SORT_ORDER,PARENT_VALUE_ID) values ('82','101','Сотрудник архива',null,'EMPLOYEE','2',null);
Insert into SIC.DESCRIPTOR_VALUE (DESCRIPTOR_VALUE_ID,DESCRIPTOR_GROUP_ID,FULL_VALUE,SHORT_VALUE,VALUE_CODE,SORT_ORDER,PARENT_VALUE_ID) values ('84','102','Структурное подразделение',null,'DEPARTMENT','2',null);
Insert into SIC.DESCRIPTOR_VALUE (DESCRIPTOR_VALUE_ID,DESCRIPTOR_GROUP_ID,FULL_VALUE,SHORT_VALUE,VALUE_CODE,SORT_ORDER,PARENT_VALUE_ID) values ('85','102','Вышестоящая организация',null,'MASTER_ORG','3',null);
Insert into SIC.DESCRIPTOR_VALUE (DESCRIPTOR_VALUE_ID,DESCRIPTOR_GROUP_ID,FULL_VALUE,SHORT_VALUE,VALUE_CODE,SORT_ORDER,PARENT_VALUE_ID) values ('83','102','Архив',null,'ARCHIVE','1',null);
Insert into SIC.DESCRIPTOR_VALUE (DESCRIPTOR_VALUE_ID,DESCRIPTOR_GROUP_ID,FULL_VALUE,SHORT_VALUE,VALUE_CODE,SORT_ORDER,PARENT_VALUE_ID) values ('86','103','Справочно-информационный центр','СИЦ','Q_VALUE_MEMBER_SIC','1',null);
Insert into SIC.DESCRIPTOR_VALUE (DESCRIPTOR_VALUE_ID,DESCRIPTOR_GROUP_ID,FULL_VALUE,SHORT_VALUE,VALUE_CODE,SORT_ORDER,PARENT_VALUE_ID) values ('87','103','Государственный архив Российской Федерации','ГАРФ','Q_VALUE_MEMBER_GARF','1','86');
Insert into SIC.DESCRIPTOR_VALUE (DESCRIPTOR_VALUE_ID,DESCRIPTOR_GROUP_ID,FULL_VALUE,SHORT_VALUE,VALUE_CODE,SORT_ORDER,PARENT_VALUE_ID) values ('88','103','Российский государственный архив научно-технической документации','РГАНТД','Q_VALUE_MEMBER_RGANTD','2','86');
Insert into SIC.DESCRIPTOR_VALUE (DESCRIPTOR_VALUE_ID,DESCRIPTOR_GROUP_ID,FULL_VALUE,SHORT_VALUE,VALUE_CODE,SORT_ORDER,PARENT_VALUE_ID) values ('89','103','Российский государственный архив экономики','РГАЭ','Q_VALUE_MEMBER_RGAE','3','86');
Insert into SIC.DESCRIPTOR_VALUE (DESCRIPTOR_VALUE_ID,DESCRIPTOR_GROUP_ID,FULL_VALUE,SHORT_VALUE,VALUE_CODE,SORT_ORDER,PARENT_VALUE_ID) values ('90','103','Российский государственный архив литературы и искусства','РГАЛИ','Q_VALUE_MEMBER_RGALI','4','86');
Insert into SIC.DESCRIPTOR_VALUE (DESCRIPTOR_VALUE_ID,DESCRIPTOR_GROUP_ID,FULL_VALUE,SHORT_VALUE,VALUE_CODE,SORT_ORDER,PARENT_VALUE_ID) values ('300','103','Российский государственный архив социально-политической истории','РГАСПИ','Q_VALUE_MEMBER_RGASPI','5','86');
Insert into SIC.DESCRIPTOR_VALUE (DESCRIPTOR_VALUE_ID,DESCRIPTOR_GROUP_ID,FULL_VALUE,SHORT_VALUE,VALUE_CODE,SORT_ORDER,PARENT_VALUE_ID) values ('301','103','Российский государственный архив новейшей истории','РГАНИ','Q_VALUE_MEMBER_RGANI','6','86');
Insert into SIC.DESCRIPTOR_VALUE (DESCRIPTOR_VALUE_ID,DESCRIPTOR_GROUP_ID,FULL_VALUE,SHORT_VALUE,VALUE_CODE,SORT_ORDER,PARENT_VALUE_ID) values ('302','103','Российский государственный военный архив','РГВА','Q_VALUE_MEMBER_RGBA','7','86');
Insert into SIC.DESCRIPTOR_VALUE (DESCRIPTOR_VALUE_ID,DESCRIPTOR_GROUP_ID,FULL_VALUE,SHORT_VALUE,VALUE_CODE,SORT_ORDER,PARENT_VALUE_ID) values ('209','104','Ведущий специалист',null,' ','6',null);
Insert into SIC.DESCRIPTOR_VALUE (DESCRIPTOR_VALUE_ID,DESCRIPTOR_GROUP_ID,FULL_VALUE,SHORT_VALUE,VALUE_CODE,SORT_ORDER,PARENT_VALUE_ID) values ('200','104','Директор',null,null,'1',null);
Insert into SIC.DESCRIPTOR_VALUE (DESCRIPTOR_VALUE_ID,DESCRIPTOR_GROUP_ID,FULL_VALUE,SHORT_VALUE,VALUE_CODE,SORT_ORDER,PARENT_VALUE_ID) values ('210','104','Начальник отдела',null,'nach','3',null);
Insert into SIC.DESCRIPTOR_VALUE (DESCRIPTOR_VALUE_ID,DESCRIPTOR_GROUP_ID,FULL_VALUE,SHORT_VALUE,VALUE_CODE,SORT_ORDER,PARENT_VALUE_ID) values ('211','104','Заместитель директора',null,' ','2',null);
Insert into SIC.DESCRIPTOR_VALUE (DESCRIPTOR_VALUE_ID,DESCRIPTOR_GROUP_ID,FULL_VALUE,SHORT_VALUE,VALUE_CODE,SORT_ORDER,PARENT_VALUE_ID) values ('331','104','Главный специалист',null,null,'5',null);
Insert into SIC.DESCRIPTOR_VALUE (DESCRIPTOR_VALUE_ID,DESCRIPTOR_GROUP_ID,FULL_VALUE,SHORT_VALUE,VALUE_CODE,SORT_ORDER,PARENT_VALUE_ID) values ('332','104','Специалист 1 категории',null,null,'7',null);
Insert into SIC.DESCRIPTOR_VALUE (DESCRIPTOR_VALUE_ID,DESCRIPTOR_GROUP_ID,FULL_VALUE,SHORT_VALUE,VALUE_CODE,SORT_ORDER,PARENT_VALUE_ID) values ('333','104','Заместитель начальника отдела',null,null,'4',null);
Insert into SIC.DESCRIPTOR_VALUE (DESCRIPTOR_VALUE_ID,DESCRIPTOR_GROUP_ID,FULL_VALUE,SHORT_VALUE,VALUE_CODE,SORT_ORDER,PARENT_VALUE_ID) values ('334','104','Зав. архивохранилищем',null,null,'8',null);
Insert into SIC.DESCRIPTOR_VALUE (DESCRIPTOR_VALUE_ID,DESCRIPTOR_GROUP_ID,FULL_VALUE,SHORT_VALUE,VALUE_CODE,SORT_ORDER,PARENT_VALUE_ID) values ('91','105','Лицевые счета',null,null,'1',null);
Insert into SIC.DESCRIPTOR_VALUE (DESCRIPTOR_VALUE_ID,DESCRIPTOR_GROUP_ID,FULL_VALUE,SHORT_VALUE,VALUE_CODE,SORT_ORDER,PARENT_VALUE_ID) values ('92','105','Приказы по л/с',null,null,'2',null);
Insert into SIC.DESCRIPTOR_VALUE (DESCRIPTOR_VALUE_ID,DESCRIPTOR_GROUP_ID,FULL_VALUE,SHORT_VALUE,VALUE_CODE,SORT_ORDER,PARENT_VALUE_ID) values ('100','105','Трудовые соглашения',null,null,'10',null);
Insert into SIC.DESCRIPTOR_VALUE (DESCRIPTOR_VALUE_ID,DESCRIPTOR_GROUP_ID,FULL_VALUE,SHORT_VALUE,VALUE_CODE,SORT_ORDER,PARENT_VALUE_ID) values ('101','105','Личн. дела соискат. учёных званий',null,null,'11',null);
Insert into SIC.DESCRIPTOR_VALUE (DESCRIPTOR_VALUE_ID,DESCRIPTOR_GROUP_ID,FULL_VALUE,SHORT_VALUE,VALUE_CODE,SORT_ORDER,PARENT_VALUE_ID) values ('102','105','Списки награжд. правит. наградами',null,null,'12',null);
Insert into SIC.DESCRIPTOR_VALUE (DESCRIPTOR_VALUE_ID,DESCRIPTOR_GROUP_ID,FULL_VALUE,SHORT_VALUE,VALUE_CODE,SORT_ORDER,PARENT_VALUE_ID) values ('103','105','Документы по защите диссертаций',null,null,'13',null);
Insert into SIC.DESCRIPTOR_VALUE (DESCRIPTOR_VALUE_ID,DESCRIPTOR_GROUP_ID,FULL_VALUE,SHORT_VALUE,VALUE_CODE,SORT_ORDER,PARENT_VALUE_ID) values ('104','105','Личные дела сотрудников',null,null,'14',null);
Insert into SIC.DESCRIPTOR_VALUE (DESCRIPTOR_VALUE_ID,DESCRIPTOR_GROUP_ID,FULL_VALUE,SHORT_VALUE,VALUE_CODE,SORT_ORDER,PARENT_VALUE_ID) values ('105','105','Переписка по л/с',null,null,'15',null);
Insert into SIC.DESCRIPTOR_VALUE (DESCRIPTOR_VALUE_ID,DESCRIPTOR_GROUP_ID,FULL_VALUE,SHORT_VALUE,VALUE_CODE,SORT_ORDER,PARENT_VALUE_ID) values ('106','105','Справки по л/с',null,null,'16',null);
Insert into SIC.DESCRIPTOR_VALUE (DESCRIPTOR_VALUE_ID,DESCRIPTOR_GROUP_ID,FULL_VALUE,SHORT_VALUE,VALUE_CODE,SORT_ORDER,PARENT_VALUE_ID) values ('107','105','Док-ты по присвоению учёных званий',null,null,'17',null);
Insert into SIC.DESCRIPTOR_VALUE (DESCRIPTOR_VALUE_ID,DESCRIPTOR_GROUP_ID,FULL_VALUE,SHORT_VALUE,VALUE_CODE,SORT_ORDER,PARENT_VALUE_ID) values ('108','105','Расчётные книжки по заработной плате',null,null,'18',null);
Insert into SIC.DESCRIPTOR_VALUE (DESCRIPTOR_VALUE_ID,DESCRIPTOR_GROUP_ID,FULL_VALUE,SHORT_VALUE,VALUE_CODE,SORT_ORDER,PARENT_VALUE_ID) values ('130','105','Расчётные ведомости',null,null,'40',null);
Insert into SIC.DESCRIPTOR_VALUE (DESCRIPTOR_VALUE_ID,DESCRIPTOR_GROUP_ID,FULL_VALUE,SHORT_VALUE,VALUE_CODE,SORT_ORDER,PARENT_VALUE_ID) values ('134','105','Алфавитный указатель личных дел сотрудников',null,null,'44',null);
Insert into SIC.DESCRIPTOR_VALUE (DESCRIPTOR_VALUE_ID,DESCRIPTOR_GROUP_ID,FULL_VALUE,SHORT_VALUE,VALUE_CODE,SORT_ORDER,PARENT_VALUE_ID) values ('109','105','Штатно-списочный состав сотрудников',null,null,'19',null);
Insert into SIC.DESCRIPTOR_VALUE (DESCRIPTOR_VALUE_ID,DESCRIPTOR_GROUP_ID,FULL_VALUE,SHORT_VALUE,VALUE_CODE,SORT_ORDER,PARENT_VALUE_ID) values ('110','105','Протоколы заседаний квалификационных комиссий',null,null,'20',null);
Insert into SIC.DESCRIPTOR_VALUE (DESCRIPTOR_VALUE_ID,DESCRIPTOR_GROUP_ID,FULL_VALUE,SHORT_VALUE,VALUE_CODE,SORT_ORDER,PARENT_VALUE_ID) values ('111','105','Акты о несчастных случаях на производстве',null,null,'21',null);
Insert into SIC.DESCRIPTOR_VALUE (DESCRIPTOR_VALUE_ID,DESCRIPTOR_GROUP_ID,FULL_VALUE,SHORT_VALUE,VALUE_CODE,SORT_ORDER,PARENT_VALUE_ID) values ('112','105','Договоры подряда с гражданами на выполнение работ',null,null,'22',null);
Insert into SIC.DESCRIPTOR_VALUE (DESCRIPTOR_VALUE_ID,DESCRIPTOR_GROUP_ID,FULL_VALUE,SHORT_VALUE,VALUE_CODE,SORT_ORDER,PARENT_VALUE_ID) values ('113','105','Учётные карточки специалистов с высш. образованием',null,null,'23',null);
Insert into SIC.DESCRIPTOR_VALUE (DESCRIPTOR_VALUE_ID,DESCRIPTOR_GROUP_ID,FULL_VALUE,SHORT_VALUE,VALUE_CODE,SORT_ORDER,PARENT_VALUE_ID) values ('114','105','Характеристики сотрудников, не имеющих личных дел',null,null,'24',null);
Insert into SIC.DESCRIPTOR_VALUE (DESCRIPTOR_VALUE_ID,DESCRIPTOR_GROUP_ID,FULL_VALUE,SHORT_VALUE,VALUE_CODE,SORT_ORDER,PARENT_VALUE_ID) values ('115','105','Журнал учёта принятых сотрудников',null,null,'25',null);
Insert into SIC.DESCRIPTOR_VALUE (DESCRIPTOR_VALUE_ID,DESCRIPTOR_GROUP_ID,FULL_VALUE,SHORT_VALUE,VALUE_CODE,SORT_ORDER,PARENT_VALUE_ID) values ('116','105','Журнал учёта уволенных сотрудников',null,null,'26',null);
Insert into SIC.DESCRIPTOR_VALUE (DESCRIPTOR_VALUE_ID,DESCRIPTOR_GROUP_ID,FULL_VALUE,SHORT_VALUE,VALUE_CODE,SORT_ORDER,PARENT_VALUE_ID) values ('117','105','Журнал регистрации приказов о приёме и увольнении',null,null,'27',null);
Insert into SIC.DESCRIPTOR_VALUE (DESCRIPTOR_VALUE_ID,DESCRIPTOR_GROUP_ID,FULL_VALUE,SHORT_VALUE,VALUE_CODE,SORT_ORDER,PARENT_VALUE_ID) values ('118','105','Акты приёмки работ',null,null,'28',null);
Insert into SIC.DESCRIPTOR_VALUE (DESCRIPTOR_VALUE_ID,DESCRIPTOR_GROUP_ID,FULL_VALUE,SHORT_VALUE,VALUE_CODE,SORT_ORDER,PARENT_VALUE_ID) values ('119','105','Протоколы заседаний комитета кредиторов',null,null,'29',null);
Insert into SIC.DESCRIPTOR_VALUE (DESCRIPTOR_VALUE_ID,DESCRIPTOR_GROUP_ID,FULL_VALUE,SHORT_VALUE,VALUE_CODE,SORT_ORDER,PARENT_VALUE_ID) values ('120','105','Отчёты ликвидационной комиссии',null,null,'30',null);
Insert into SIC.DESCRIPTOR_VALUE (DESCRIPTOR_VALUE_ID,DESCRIPTOR_GROUP_ID,FULL_VALUE,SHORT_VALUE,VALUE_CODE,SORT_ORDER,PARENT_VALUE_ID) values ('93','105','Личные карточки уволенных',null,null,'3',null);
Insert into SIC.DESCRIPTOR_VALUE (DESCRIPTOR_VALUE_ID,DESCRIPTOR_GROUP_ID,FULL_VALUE,SHORT_VALUE,VALUE_CODE,SORT_ORDER,PARENT_VALUE_ID) values ('94','105','Расчётно-платёжные ведомости',null,null,'4',null);
Insert into SIC.DESCRIPTOR_VALUE (DESCRIPTOR_VALUE_ID,DESCRIPTOR_GROUP_ID,FULL_VALUE,SHORT_VALUE,VALUE_CODE,SORT_ORDER,PARENT_VALUE_ID) values ('95','105','Списки сотрудников',null,null,'5',null);
Insert into SIC.DESCRIPTOR_VALUE (DESCRIPTOR_VALUE_ID,DESCRIPTOR_GROUP_ID,FULL_VALUE,SHORT_VALUE,VALUE_CODE,SORT_ORDER,PARENT_VALUE_ID) values ('96','105','Журнал учёта трудовых книжек',null,null,'6',null);
Insert into SIC.DESCRIPTOR_VALUE (DESCRIPTOR_VALUE_ID,DESCRIPTOR_GROUP_ID,FULL_VALUE,SHORT_VALUE,VALUE_CODE,SORT_ORDER,PARENT_VALUE_ID) values ('97','105','Книга учёта приёма и увольнения',null,null,'7',null);
Insert into SIC.DESCRIPTOR_VALUE (DESCRIPTOR_VALUE_ID,DESCRIPTOR_GROUP_ID,FULL_VALUE,SHORT_VALUE,VALUE_CODE,SORT_ORDER,PARENT_VALUE_ID) values ('98','105','Списки выдачи страх. свидетельств',null,null,'8',null);
Insert into SIC.DESCRIPTOR_VALUE (DESCRIPTOR_VALUE_ID,DESCRIPTOR_GROUP_ID,FULL_VALUE,SHORT_VALUE,VALUE_CODE,SORT_ORDER,PARENT_VALUE_ID) values ('99','105','Налоговые карточки',null,null,'9',null);
Insert into SIC.DESCRIPTOR_VALUE (DESCRIPTOR_VALUE_ID,DESCRIPTOR_GROUP_ID,FULL_VALUE,SHORT_VALUE,VALUE_CODE,SORT_ORDER,PARENT_VALUE_ID) values ('121','105','Определения Арбитражного суда',null,null,'31',null);
Insert into SIC.DESCRIPTOR_VALUE (DESCRIPTOR_VALUE_ID,DESCRIPTOR_GROUP_ID,FULL_VALUE,SHORT_VALUE,VALUE_CODE,SORT_ORDER,PARENT_VALUE_ID) values ('122','105','Договоры ликвидационной комиссии',null,null,'32',null);
Insert into SIC.DESCRIPTOR_VALUE (DESCRIPTOR_VALUE_ID,DESCRIPTOR_GROUP_ID,FULL_VALUE,SHORT_VALUE,VALUE_CODE,SORT_ORDER,PARENT_VALUE_ID) values ('123','105','Акции',null,null,'33',null);
Insert into SIC.DESCRIPTOR_VALUE (DESCRIPTOR_VALUE_ID,DESCRIPTOR_GROUP_ID,FULL_VALUE,SHORT_VALUE,VALUE_CODE,SORT_ORDER,PARENT_VALUE_ID) values ('124','105','Акты ликвидационной комиссии',null,null,'34',null);
Insert into SIC.DESCRIPTOR_VALUE (DESCRIPTOR_VALUE_ID,DESCRIPTOR_GROUP_ID,FULL_VALUE,SHORT_VALUE,VALUE_CODE,SORT_ORDER,PARENT_VALUE_ID) values ('125','105','Контракты',null,null,'35',null);
Insert into SIC.DESCRIPTOR_VALUE (DESCRIPTOR_VALUE_ID,DESCRIPTOR_GROUP_ID,FULL_VALUE,SHORT_VALUE,VALUE_CODE,SORT_ORDER,PARENT_VALUE_ID) values ('126','105','Трудовые договора',null,null,'36',null);
Insert into SIC.DESCRIPTOR_VALUE (DESCRIPTOR_VALUE_ID,DESCRIPTOR_GROUP_ID,FULL_VALUE,SHORT_VALUE,VALUE_CODE,SORT_ORDER,PARENT_VALUE_ID) values ('127','105','Штатные расписания',null,null,'37',null);
Insert into SIC.DESCRIPTOR_VALUE (DESCRIPTOR_VALUE_ID,DESCRIPTOR_GROUP_ID,FULL_VALUE,SHORT_VALUE,VALUE_CODE,SORT_ORDER,PARENT_VALUE_ID) values ('128','105','Протоколы уведомления кредиторов',null,null,'38',null);
Insert into SIC.DESCRIPTOR_VALUE (DESCRIPTOR_VALUE_ID,DESCRIPTOR_GROUP_ID,FULL_VALUE,SHORT_VALUE,VALUE_CODE,SORT_ORDER,PARENT_VALUE_ID) values ('129','105','Документы по выплатам кредиторов',null,null,'39',null);
Insert into SIC.DESCRIPTOR_VALUE (DESCRIPTOR_VALUE_ID,DESCRIPTOR_GROUP_ID,FULL_VALUE,SHORT_VALUE,VALUE_CODE,SORT_ORDER,PARENT_VALUE_ID) values ('131','105','Трудовые книжки (невостребованные)',null,null,'41',null);
Insert into SIC.DESCRIPTOR_VALUE (DESCRIPTOR_VALUE_ID,DESCRIPTOR_GROUP_ID,FULL_VALUE,SHORT_VALUE,VALUE_CODE,SORT_ORDER,PARENT_VALUE_ID) values ('132','105','Справки о доходах физических лиц',null,null,'42',null);
Insert into SIC.DESCRIPTOR_VALUE (DESCRIPTOR_VALUE_ID,DESCRIPTOR_GROUP_ID,FULL_VALUE,SHORT_VALUE,VALUE_CODE,SORT_ORDER,PARENT_VALUE_ID) values ('133','105','Распоряжения по л/с',null,null,'43',null);
Insert into SIC.DESCRIPTOR_VALUE (DESCRIPTOR_VALUE_ID,DESCRIPTOR_GROUP_ID,FULL_VALUE,SHORT_VALUE,VALUE_CODE,SORT_ORDER,PARENT_VALUE_ID) values ('343','105','Научно-техническая документация',null,null,'47',null);
Insert into SIC.DESCRIPTOR_VALUE (DESCRIPTOR_VALUE_ID,DESCRIPTOR_GROUP_ID,FULL_VALUE,SHORT_VALUE,VALUE_CODE,SORT_ORDER,PARENT_VALUE_ID) values ('341','105','Личный состав',null,null,'45',null);
Insert into SIC.DESCRIPTOR_VALUE (DESCRIPTOR_VALUE_ID,DESCRIPTOR_GROUP_ID,FULL_VALUE,SHORT_VALUE,VALUE_CODE,SORT_ORDER,PARENT_VALUE_ID) values ('342','105','Управленческая документация',null,null,'46',null);
Insert into SIC.DESCRIPTOR_VALUE (DESCRIPTOR_VALUE_ID,DESCRIPTOR_GROUP_ID,FULL_VALUE,SHORT_VALUE,VALUE_CODE,SORT_ORDER,PARENT_VALUE_ID) values ('241','133','Приемная',null,'QQ_TRANSMISSION_MODE_CENTR','0',null);
Insert into SIC.DESCRIPTOR_VALUE (DESCRIPTOR_VALUE_ID,DESCRIPTOR_GROUP_ID,FULL_VALUE,SHORT_VALUE,VALUE_CODE,SORT_ORDER,PARENT_VALUE_ID) values ('242','133','Электронная почта',null,'QQ_TRANSMISSION_MODE_EMAIL','1',null);
Insert into SIC.DESCRIPTOR_VALUE (DESCRIPTOR_VALUE_ID,DESCRIPTOR_GROUP_ID,FULL_VALUE,SHORT_VALUE,VALUE_CODE,SORT_ORDER,PARENT_VALUE_ID) values ('243','133','Факс',null,'QQ_TRANSMISSION_MODE_FAX','2',null);
Insert into SIC.DESCRIPTOR_VALUE (DESCRIPTOR_VALUE_ID,DESCRIPTOR_GROUP_ID,FULL_VALUE,SHORT_VALUE,VALUE_CODE,SORT_ORDER,PARENT_VALUE_ID) values ('244','133','Почта',null,'QQ_TRANSMISSION_MODE_RUPOST','3',null);
Insert into SIC.DESCRIPTOR_VALUE (DESCRIPTOR_VALUE_ID,DESCRIPTOR_GROUP_ID,FULL_VALUE,SHORT_VALUE,VALUE_CODE,SORT_ORDER,PARENT_VALUE_ID) values ('246','134','Социально-правовой','С','Q_VALUE_QUEST_TYPE_SOCIAL','0',null);
Insert into SIC.DESCRIPTOR_VALUE (DESCRIPTOR_VALUE_ID,DESCRIPTOR_GROUP_ID,FULL_VALUE,SHORT_VALUE,VALUE_CODE,SORT_ORDER,PARENT_VALUE_ID) values ('247','134','Тематический','Т','Q_VALUE_QUEST_TYPE_TEMATIC','1',null);
Insert into SIC.DESCRIPTOR_VALUE (DESCRIPTOR_VALUE_ID,DESCRIPTOR_GROUP_ID,FULL_VALUE,SHORT_VALUE,VALUE_CODE,SORT_ORDER,PARENT_VALUE_ID) values ('248','134','Генеалогический','Г','Q_VALUE_QUEST_TYPE_GENEA','2',null);
Insert into SIC.DESCRIPTOR_VALUE (DESCRIPTOR_VALUE_ID,DESCRIPTOR_GROUP_ID,FULL_VALUE,SHORT_VALUE,VALUE_CODE,SORT_ORDER,PARENT_VALUE_ID) values ('249','134','Биографический','Б','Q_VALUE_QUEST_TYPE_BIO','3',null);
Insert into SIC.DESCRIPTOR_VALUE (DESCRIPTOR_VALUE_ID,DESCRIPTOR_GROUP_ID,FULL_VALUE,SHORT_VALUE,VALUE_CODE,SORT_ORDER,PARENT_VALUE_ID) values ('250','135','На руки',null,'Q_VALUE_ANSWER_FORM_HAND','0',null);
Insert into SIC.DESCRIPTOR_VALUE (DESCRIPTOR_VALUE_ID,DESCRIPTOR_GROUP_ID,FULL_VALUE,SHORT_VALUE,VALUE_CODE,SORT_ORDER,PARENT_VALUE_ID) values ('251','135','Почта',null,'Q_VALUE_ANSWER_FORM_POST','1',null);
Insert into SIC.DESCRIPTOR_VALUE (DESCRIPTOR_VALUE_ID,DESCRIPTOR_GROUP_ID,FULL_VALUE,SHORT_VALUE,VALUE_CODE,SORT_ORDER,PARENT_VALUE_ID) values ('310','135','Электронная почта',null,'Q_VALUE_ANSWER_FORM_EMAIL','2',null);
Insert into SIC.DESCRIPTOR_VALUE (DESCRIPTOR_VALUE_ID,DESCRIPTOR_GROUP_ID,FULL_VALUE,SHORT_VALUE,VALUE_CODE,SORT_ORDER,PARENT_VALUE_ID) values ('311','135','Факс',null,'Q_VALUE_ANSWER_FORM_FAX','3',null);
Insert into SIC.DESCRIPTOR_VALUE (DESCRIPTOR_VALUE_ID,DESCRIPTOR_GROUP_ID,FULL_VALUE,SHORT_VALUE,VALUE_CODE,SORT_ORDER,PARENT_VALUE_ID) values ('252','136','Физическое лицо',null,'Q_VALUE_APP_TYPE_FFACE','0',null);
Insert into SIC.DESCRIPTOR_VALUE (DESCRIPTOR_VALUE_ID,DESCRIPTOR_GROUP_ID,FULL_VALUE,SHORT_VALUE,VALUE_CODE,SORT_ORDER,PARENT_VALUE_ID) values ('253','136','Юридическое лицо',null,'Q_VALUE_APP_TYPE_JURFACE','1',null);
Insert into SIC.DESCRIPTOR_VALUE (DESCRIPTOR_VALUE_ID,DESCRIPTOR_GROUP_ID,FULL_VALUE,SHORT_VALUE,VALUE_CODE,SORT_ORDER,PARENT_VALUE_ID) values ('254','137','Росархив',null,'Q_VALUE_APP_CAT_RUSARCH','0',null);
Insert into SIC.DESCRIPTOR_VALUE (DESCRIPTOR_VALUE_ID,DESCRIPTOR_GROUP_ID,FULL_VALUE,SHORT_VALUE,VALUE_CODE,SORT_ORDER,PARENT_VALUE_ID) values ('256','137','ПФ',null,'Q_VALUE_APP_CAT_PF','1',null);
Insert into SIC.DESCRIPTOR_VALUE (DESCRIPTOR_VALUE_ID,DESCRIPTOR_GROUP_ID,FULL_VALUE,SHORT_VALUE,VALUE_CODE,SORT_ORDER,PARENT_VALUE_ID) values ('257','137','Органы гос. власти',null,'Q_VALUE_APP_CAT_ORGAN','2',null);
Insert into SIC.DESCRIPTOR_VALUE (DESCRIPTOR_VALUE_ID,DESCRIPTOR_GROUP_ID,FULL_VALUE,SHORT_VALUE,VALUE_CODE,SORT_ORDER,PARENT_VALUE_ID) values ('258','137','Органы местного самоуправления',null,'Q_VALUE_APP_CAT_SELF_GOV','3',null);
Insert into SIC.DESCRIPTOR_VALUE (DESCRIPTOR_VALUE_ID,DESCRIPTOR_GROUP_ID,FULL_VALUE,SHORT_VALUE,VALUE_CODE,SORT_ORDER,PARENT_VALUE_ID) values ('259','137','Правоохранительные органы',null,'Q_VALUE_APP_CAT_LAW_ENF','4',null);
Insert into SIC.DESCRIPTOR_VALUE (DESCRIPTOR_VALUE_ID,DESCRIPTOR_GROUP_ID,FULL_VALUE,SHORT_VALUE,VALUE_CODE,SORT_ORDER,PARENT_VALUE_ID) values ('261','137','МФЦ',null,'Q_VALUE_APP_CAT_MFC','5',null);
Insert into SIC.DESCRIPTOR_VALUE (DESCRIPTOR_VALUE_ID,DESCRIPTOR_GROUP_ID,FULL_VALUE,SHORT_VALUE,VALUE_CODE,SORT_ORDER,PARENT_VALUE_ID) values ('262','137','Другие организации',null,'Q_VALUE_APP_CAT_ARCHIVES','6',null);
Insert into SIC.DESCRIPTOR_VALUE (DESCRIPTOR_VALUE_ID,DESCRIPTOR_GROUP_ID,FULL_VALUE,SHORT_VALUE,VALUE_CODE,SORT_ORDER,PARENT_VALUE_ID) values ('263','138','Архивная копия',null,'Q_VALUE_DOC_TYPE_ARCH_COPY','0',null);
Insert into SIC.DESCRIPTOR_VALUE (DESCRIPTOR_VALUE_ID,DESCRIPTOR_GROUP_ID,FULL_VALUE,SHORT_VALUE,VALUE_CODE,SORT_ORDER,PARENT_VALUE_ID) values ('264','138','Архивная выписка',null,'Q_VALUE_DOC_TYPE_ARCH_EXTRACT','1',null);
Insert into SIC.DESCRIPTOR_VALUE (DESCRIPTOR_VALUE_ID,DESCRIPTOR_GROUP_ID,FULL_VALUE,SHORT_VALUE,VALUE_CODE,SORT_ORDER,PARENT_VALUE_ID) values ('265','138','Информационное письмо положительное',null,'Q_VALUE_DOC_TYPE_LETTER_PLUS','2',null);
Insert into SIC.DESCRIPTOR_VALUE (DESCRIPTOR_VALUE_ID,DESCRIPTOR_GROUP_ID,FULL_VALUE,SHORT_VALUE,VALUE_CODE,SORT_ORDER,PARENT_VALUE_ID) values ('266','138','Информационное письмо отрицательное',null,'Q_VALUE_DOC_TYPE_LETTER_MINUS','3',null);
Insert into SIC.DESCRIPTOR_VALUE (DESCRIPTOR_VALUE_ID,DESCRIPTOR_GROUP_ID,FULL_VALUE,SHORT_VALUE,VALUE_CODE,SORT_ORDER,PARENT_VALUE_ID) values ('267','138','Информационное письмо рекомендация',null,'Q_VALUE_DOC_TYPE_LETTER_RECOM','4',null);
Insert into SIC.DESCRIPTOR_VALUE (DESCRIPTOR_VALUE_ID,DESCRIPTOR_GROUP_ID,FULL_VALUE,SHORT_VALUE,VALUE_CODE,SORT_ORDER,PARENT_VALUE_ID) values ('268','138','Перечень документов',null,'Q_VALUE_DOC_TYPE_LIST','5',null);
Insert into SIC.DESCRIPTOR_VALUE (DESCRIPTOR_VALUE_ID,DESCRIPTOR_GROUP_ID,FULL_VALUE,SHORT_VALUE,VALUE_CODE,SORT_ORDER,PARENT_VALUE_ID) values ('322','138','Уведомление заявителя',null,null,'8',null);
Insert into SIC.DESCRIPTOR_VALUE (DESCRIPTOR_VALUE_ID,DESCRIPTOR_GROUP_ID,FULL_VALUE,SHORT_VALUE,VALUE_CODE,SORT_ORDER,PARENT_VALUE_ID) values ('323','138','Архивная справка',null,null,'6',null);
Insert into SIC.DESCRIPTOR_VALUE (DESCRIPTOR_VALUE_ID,DESCRIPTOR_GROUP_ID,FULL_VALUE,SHORT_VALUE,VALUE_CODE,SORT_ORDER,PARENT_VALUE_ID) values ('324','138','Сопроводительное письмо',null,null,'7',null);
Insert into SIC.DESCRIPTOR_VALUE (DESCRIPTOR_VALUE_ID,DESCRIPTOR_GROUP_ID,FULL_VALUE,SHORT_VALUE,VALUE_CODE,SORT_ORDER,PARENT_VALUE_ID) values ('269','139','Сдано на подпись',null,'Q_VALUE_ENDORSEMENT_SIGNATURE','0',null);
Insert into SIC.DESCRIPTOR_VALUE (DESCRIPTOR_VALUE_ID,DESCRIPTOR_GROUP_ID,FULL_VALUE,SHORT_VALUE,VALUE_CODE,SORT_ORDER,PARENT_VALUE_ID) values ('270','139','Возврат на доработку',null,'Q_VALUE_ENDORSEMENT_RETURN','1',null);
Insert into SIC.DESCRIPTOR_VALUE (DESCRIPTOR_VALUE_ID,DESCRIPTOR_GROUP_ID,FULL_VALUE,SHORT_VALUE,VALUE_CODE,SORT_ORDER,PARENT_VALUE_ID) values ('271','139','Повторно сдано на подпись',null,'Q_VALUE_ENDORSEMENT_REPSIGN','2',null);
Insert into SIC.DESCRIPTOR_VALUE (DESCRIPTOR_VALUE_ID,DESCRIPTOR_GROUP_ID,FULL_VALUE,SHORT_VALUE,VALUE_CODE,SORT_ORDER,PARENT_VALUE_ID) values ('272','140','На руки',null,'Q_VALUE_DEL_METHOD_HAND','0',null);
Insert into SIC.DESCRIPTOR_VALUE (DESCRIPTOR_VALUE_ID,DESCRIPTOR_GROUP_ID,FULL_VALUE,SHORT_VALUE,VALUE_CODE,SORT_ORDER,PARENT_VALUE_ID) values ('330','140','Факс',null,null,'4',null);
Insert into SIC.DESCRIPTOR_VALUE (DESCRIPTOR_VALUE_ID,DESCRIPTOR_GROUP_ID,FULL_VALUE,SHORT_VALUE,VALUE_CODE,SORT_ORDER,PARENT_VALUE_ID) values ('273','140','Почта',null,'Q_VALUE_DEL_METHOD_POST','1',null);
Insert into SIC.DESCRIPTOR_VALUE (DESCRIPTOR_VALUE_ID,DESCRIPTOR_GROUP_ID,FULL_VALUE,SHORT_VALUE,VALUE_CODE,SORT_ORDER,PARENT_VALUE_ID) values ('274','140','Электронная почта',null,'Q_VALUE_DEL_METHOD_FAX','2',null);
Insert into SIC.DESCRIPTOR_VALUE (DESCRIPTOR_VALUE_ID,DESCRIPTOR_GROUP_ID,FULL_VALUE,SHORT_VALUE,VALUE_CODE,SORT_ORDER,PARENT_VALUE_ID) values ('275','141','ул. Б. Пироговская',null,'Q_VALUE_STORAGE_PIROG','0',null);
Insert into SIC.DESCRIPTOR_VALUE (DESCRIPTOR_VALUE_ID,DESCRIPTOR_GROUP_ID,FULL_VALUE,SHORT_VALUE,VALUE_CODE,SORT_ORDER,PARENT_VALUE_ID) values ('276','141','ул. Профсоюзная',null,'Q_VALUE_STORAGE_PROFS','1',null);
Insert into SIC.DESCRIPTOR_VALUE (DESCRIPTOR_VALUE_ID,DESCRIPTOR_GROUP_ID,FULL_VALUE,SHORT_VALUE,VALUE_CODE,SORT_ORDER,PARENT_VALUE_ID) values ('277','141','Бережковская наб.',null,'Q_VALUE_STORAGE_BEREZH','2',null);
Insert into SIC.DESCRIPTOR_VALUE (DESCRIPTOR_VALUE_ID,DESCRIPTOR_GROUP_ID,FULL_VALUE,SHORT_VALUE,VALUE_CODE,SORT_ORDER,PARENT_VALUE_ID) values ('278','141','пос. Вороново',null,'Q_VALUE_STORAGE_VORON','3',null);
Insert into SIC.DESCRIPTOR_VALUE (DESCRIPTOR_VALUE_ID,DESCRIPTOR_GROUP_ID,FULL_VALUE,SHORT_VALUE,VALUE_CODE,SORT_ORDER,PARENT_VALUE_ID) values ('279','142','Положительный',null,'Q_VALUE_RESULT_PLUS','0',null);
Insert into SIC.DESCRIPTOR_VALUE (DESCRIPTOR_VALUE_ID,DESCRIPTOR_GROUP_ID,FULL_VALUE,SHORT_VALUE,VALUE_CODE,SORT_ORDER,PARENT_VALUE_ID) values ('280','142','Положительный платный',null,'Q_VALUE_RESULT_PLUS_PAID','1',null);
Insert into SIC.DESCRIPTOR_VALUE (DESCRIPTOR_VALUE_ID,DESCRIPTOR_GROUP_ID,FULL_VALUE,SHORT_VALUE,VALUE_CODE,SORT_ORDER,PARENT_VALUE_ID) values ('281','142','Отрицательный платный',null,'Q_VALUE_RESULT_MINUS_PAID','2',null);
Insert into SIC.DESCRIPTOR_VALUE (DESCRIPTOR_VALUE_ID,DESCRIPTOR_GROUP_ID,FULL_VALUE,SHORT_VALUE,VALUE_CODE,SORT_ORDER,PARENT_VALUE_ID) values ('282','142','Отрицательный непрофильный',null,'Q_VALUE_RESULT_MINUS_NEPROF','3',null);
Insert into SIC.DESCRIPTOR_VALUE (DESCRIPTOR_VALUE_ID,DESCRIPTOR_GROUP_ID,FULL_VALUE,SHORT_VALUE,VALUE_CODE,SORT_ORDER,PARENT_VALUE_ID) values ('283','142','Отрицательный с просмотром',null,'Q_VALUE_RESULT_MINUS_WVIEW','4',null);
Insert into SIC.DESCRIPTOR_VALUE (DESCRIPTOR_VALUE_ID,DESCRIPTOR_GROUP_ID,FULL_VALUE,SHORT_VALUE,VALUE_CODE,SORT_ORDER,PARENT_VALUE_ID) values ('284','142','Отрицательный с переадресовкой',null,'Q_VALUE_RESULT_REDIRECT','5',null);
Insert into SIC.DESCRIPTOR_VALUE (DESCRIPTOR_VALUE_ID,DESCRIPTOR_GROUP_ID,FULL_VALUE,SHORT_VALUE,VALUE_CODE,SORT_ORDER,PARENT_VALUE_ID) values ('285','142','Отрицательный с рекомендацией',null,'Q_VALUE_RESULT_DOP_INFO','6',null);
Insert into SIC.DESCRIPTOR_VALUE (DESCRIPTOR_VALUE_ID,DESCRIPTOR_GROUP_ID,FULL_VALUE,SHORT_VALUE,VALUE_CODE,SORT_ORDER,PARENT_VALUE_ID) values ('329','142','Отрицательный',null,'Q_VALUE_RESULT_MINUS','9',null);
Insert into SIC.DESCRIPTOR_VALUE (DESCRIPTOR_VALUE_ID,DESCRIPTOR_GROUP_ID,FULL_VALUE,SHORT_VALUE,VALUE_CODE,SORT_ORDER,PARENT_VALUE_ID) values ('286','142','Снят с исполнения',null,'Q_VALUE_RESULT_REJECTED','7',null);
Insert into SIC.DESCRIPTOR_VALUE (DESCRIPTOR_VALUE_ID,DESCRIPTOR_GROUP_ID,FULL_VALUE,SHORT_VALUE,VALUE_CODE,SORT_ORDER,PARENT_VALUE_ID) values ('287','143','Зарплата',null,'Q_VALUE_THEM_ZP','0',null);
Insert into SIC.DESCRIPTOR_VALUE (DESCRIPTOR_VALUE_ID,DESCRIPTOR_GROUP_ID,FULL_VALUE,SHORT_VALUE,VALUE_CODE,SORT_ORDER,PARENT_VALUE_ID) values ('288','143','Стаж',null,'Q_VALUE_THEM_EXPERIENCE','1',null);
Insert into SIC.DESCRIPTOR_VALUE (DESCRIPTOR_VALUE_ID,DESCRIPTOR_GROUP_ID,FULL_VALUE,SHORT_VALUE,VALUE_CODE,SORT_ORDER,PARENT_VALUE_ID) values ('289','143','Награда',null,'Q_VALUE_THEM_AWARD','2',null);
Insert into SIC.DESCRIPTOR_VALUE (DESCRIPTOR_VALUE_ID,DESCRIPTOR_GROUP_ID,FULL_VALUE,SHORT_VALUE,VALUE_CODE,SORT_ORDER,PARENT_VALUE_ID) values ('290','143','Переименование (реорганизация)',null,'Q_VALUE_THEM_RENAME','3',null);
Insert into SIC.DESCRIPTOR_VALUE (DESCRIPTOR_VALUE_ID,DESCRIPTOR_GROUP_ID,FULL_VALUE,SHORT_VALUE,VALUE_CODE,SORT_ORDER,PARENT_VALUE_ID) values ('291','143','Эвакуация',null,'Q_VALUE_THEM_EVACUATION','4',null);
Insert into SIC.DESCRIPTOR_VALUE (DESCRIPTOR_VALUE_ID,DESCRIPTOR_GROUP_ID,FULL_VALUE,SHORT_VALUE,VALUE_CODE,SORT_ORDER,PARENT_VALUE_ID) values ('292','143','Пребывание в лагерях',null,'Q_VALUE_THEM_CAMP','5',null);
Insert into SIC.DESCRIPTOR_VALUE (DESCRIPTOR_VALUE_ID,DESCRIPTOR_GROUP_ID,FULL_VALUE,SHORT_VALUE,VALUE_CODE,SORT_ORDER,PARENT_VALUE_ID) values ('293','143','Военная служба',null,'Q_VALUE_THEM_ARMY','6',null);
Insert into SIC.DESCRIPTOR_VALUE (DESCRIPTOR_VALUE_ID,DESCRIPTOR_GROUP_ID,FULL_VALUE,SHORT_VALUE,VALUE_CODE,SORT_ORDER,PARENT_VALUE_ID) values ('294','143','Административное деление',null,'Q_VALUE_THEM_ADM_DIV','7',null);
Insert into SIC.DESCRIPTOR_VALUE (DESCRIPTOR_VALUE_ID,DESCRIPTOR_GROUP_ID,FULL_VALUE,SHORT_VALUE,VALUE_CODE,SORT_ORDER,PARENT_VALUE_ID) values ('295','143','Разное',null,'Q_VALUE_THEM_SUNDRY','8',null);
Insert into SIC.DESCRIPTOR_VALUE (DESCRIPTOR_VALUE_ID,DESCRIPTOR_GROUP_ID,FULL_VALUE,SHORT_VALUE,VALUE_CODE,SORT_ORDER,PARENT_VALUE_ID) values ('336','143','Научно-техническая документация',null,null,'11',null);
Insert into SIC.DESCRIPTOR_VALUE (DESCRIPTOR_VALUE_ID,DESCRIPTOR_GROUP_ID,FULL_VALUE,SHORT_VALUE,VALUE_CODE,SORT_ORDER,PARENT_VALUE_ID) values ('338','143','Акты гражданского состояния',null,null,'13',null);
Insert into SIC.DESCRIPTOR_VALUE (DESCRIPTOR_VALUE_ID,DESCRIPTOR_GROUP_ID,FULL_VALUE,SHORT_VALUE,VALUE_CODE,SORT_ORDER,PARENT_VALUE_ID) values ('335','143','Репрессии',null,null,'10',null);
Insert into SIC.DESCRIPTOR_VALUE (DESCRIPTOR_VALUE_ID,DESCRIPTOR_GROUP_ID,FULL_VALUE,SHORT_VALUE,VALUE_CODE,SORT_ORDER,PARENT_VALUE_ID) values ('337','143','Имущественные и земельные отношения',null,null,'12',null);
Insert into SIC.DESCRIPTOR_VALUE (DESCRIPTOR_VALUE_ID,DESCRIPTOR_GROUP_ID,FULL_VALUE,SHORT_VALUE,VALUE_CODE,SORT_ORDER,PARENT_VALUE_ID) values ('339','143','Проживание граждан',null,null,'14',null);
Insert into SIC.DESCRIPTOR_VALUE (DESCRIPTOR_VALUE_ID,DESCRIPTOR_GROUP_ID,FULL_VALUE,SHORT_VALUE,VALUE_CODE,SORT_ORDER,PARENT_VALUE_ID) values ('340','143','История семьи',null,null,'15',null);
Insert into SIC.DESCRIPTOR_VALUE (DESCRIPTOR_VALUE_ID,DESCRIPTOR_GROUP_ID,FULL_VALUE,SHORT_VALUE,VALUE_CODE,SORT_ORDER,PARENT_VALUE_ID) values ('296','144','I',null,'Q_DICT_DIFF_CAT_I','0',null);
Insert into SIC.DESCRIPTOR_VALUE (DESCRIPTOR_VALUE_ID,DESCRIPTOR_GROUP_ID,FULL_VALUE,SHORT_VALUE,VALUE_CODE,SORT_ORDER,PARENT_VALUE_ID) values ('297','144','II',null,'Q_DICT_DIFF_CAT_II','1',null);
Insert into SIC.DESCRIPTOR_VALUE (DESCRIPTOR_VALUE_ID,DESCRIPTOR_GROUP_ID,FULL_VALUE,SHORT_VALUE,VALUE_CODE,SORT_ORDER,PARENT_VALUE_ID) values ('298','144','III',null,'Q_DICT_DIFF_CAT_III','2',null);
Insert into SIC.DESCRIPTOR_VALUE (DESCRIPTOR_VALUE_ID,DESCRIPTOR_GROUP_ID,FULL_VALUE,SHORT_VALUE,VALUE_CODE,SORT_ORDER,PARENT_VALUE_ID) values ('299','144','IV',null,'Q_DICT_DIFF_CAT_IV','3',null);
Insert into SIC.DESCRIPTOR_VALUE (DESCRIPTOR_VALUE_ID,DESCRIPTOR_GROUP_ID,FULL_VALUE,SHORT_VALUE,VALUE_CODE,SORT_ORDER,PARENT_VALUE_ID) values ('303','145','Ответ',null,'Q_VALUE_FILE_TYPE_ANSWER','0',null);
Insert into SIC.DESCRIPTOR_VALUE (DESCRIPTOR_VALUE_ID,DESCRIPTOR_GROUP_ID,FULL_VALUE,SHORT_VALUE,VALUE_CODE,SORT_ORDER,PARENT_VALUE_ID) values ('304','145','Документ заявителя',null,'Q_VALUE_FILE_TYPE_APP_DOCS','1',null);
Insert into SIC.DESCRIPTOR_VALUE (DESCRIPTOR_VALUE_ID,DESCRIPTOR_GROUP_ID,FULL_VALUE,SHORT_VALUE,VALUE_CODE,SORT_ORDER,PARENT_VALUE_ID) values ('309','145','Подготовленный документ',null,'Q_VALUE_FILE_TYPE_INFO','2',null);
Insert into SIC.DESCRIPTOR_VALUE (DESCRIPTOR_VALUE_ID,DESCRIPTOR_GROUP_ID,FULL_VALUE,SHORT_VALUE,VALUE_CODE,SORT_ORDER,PARENT_VALUE_ID) values ('305','146','На регистрации',null,'Q_VALUE_QSTAT_ONREG','0',null);
Insert into SIC.DESCRIPTOR_VALUE (DESCRIPTOR_VALUE_ID,DESCRIPTOR_GROUP_ID,FULL_VALUE,SHORT_VALUE,VALUE_CODE,SORT_ORDER,PARENT_VALUE_ID) values ('306','146','Зарегистрирован',null,'Q_VALUE_QSTAT_REG','1',null);
Insert into SIC.DESCRIPTOR_VALUE (DESCRIPTOR_VALUE_ID,DESCRIPTOR_GROUP_ID,FULL_VALUE,SHORT_VALUE,VALUE_CODE,SORT_ORDER,PARENT_VALUE_ID) values ('307','146','На исполнении',null,'Q_VALUE_QSTAT_ONEXEC','2',null);
Insert into SIC.DESCRIPTOR_VALUE (DESCRIPTOR_VALUE_ID,DESCRIPTOR_GROUP_ID,FULL_VALUE,SHORT_VALUE,VALUE_CODE,SORT_ORDER,PARENT_VALUE_ID) values ('308','146','Исполнен',null,'Q_VALUE_QSTAT_EXEC','3',null);
Insert into SIC.DESCRIPTOR_VALUE (DESCRIPTOR_VALUE_ID,DESCRIPTOR_GROUP_ID,FULL_VALUE,SHORT_VALUE,VALUE_CODE,SORT_ORDER,PARENT_VALUE_ID) values ('325','147','Не исполнено',null,'Q_VALUE_NOTIFY_NOEXEC','1',null);
Insert into SIC.DESCRIPTOR_VALUE (DESCRIPTOR_VALUE_ID,DESCRIPTOR_GROUP_ID,FULL_VALUE,SHORT_VALUE,VALUE_CODE,SORT_ORDER,PARENT_VALUE_ID) values ('326','147','Исполнено',null,'Q_VALUE_NOTIFY_EXEC','2',null);
Insert into SIC.DESCRIPTOR_VALUE (DESCRIPTOR_VALUE_ID,DESCRIPTOR_GROUP_ID,FULL_VALUE,SHORT_VALUE,VALUE_CODE,SORT_ORDER,PARENT_VALUE_ID) values ('327','147','Отправлено',null,'Q_VALUE_NOTIFY_SEND','3',null);
Insert into SIC.DESCRIPTOR_VALUE (DESCRIPTOR_VALUE_ID,DESCRIPTOR_GROUP_ID,FULL_VALUE,SHORT_VALUE,VALUE_CODE,SORT_ORDER,PARENT_VALUE_ID) values ('328','147','Без уведомления',null,'Q_VALUE_NOTIFY_NONE','4',null);

REM INSERTING into SIC.ADM_USER
SET DEFINE OFF;
Insert into SIC.ADM_USER (USER_ID,USER_TYPE_ID,LOGIN,PASSWORD,IS_BLOCKED,DISPLAYED_NAME) values ('61','81','ADMIN','1209890F00BB697BDC01395F3691AE59','0','Администратор');
Insert into SIC.ADM_USER (USER_ID,USER_TYPE_ID,LOGIN,PASSWORD,IS_BLOCKED,DISPLAYED_NAME) values ('81','81','LOAD','4A527F83A3A4CA7E1D70ADB26A35B72E','0','Загрузка');
Insert into SIC.ADM_USER (USER_ID,USER_TYPE_ID,LOGIN,PASSWORD,IS_BLOCKED,DISPLAYED_NAME) values ('101','82','UNC','F56681194EBEA036DD1297F1184BF7BD','1','Уникум У. У.');
Insert into SIC.ADM_USER (USER_ID,USER_TYPE_ID,LOGIN,PASSWORD,IS_BLOCKED,DISPLAYED_NAME) values ('145','82','SIC_S','6023B69F4AF4609DAA4EE4E5959FC735','0','СИЦ С. С.');
Insert into SIC.ADM_USER (USER_ID,USER_TYPE_ID,LOGIN,PASSWORD,IS_BLOCKED,DISPLAYED_NAME) values ('385','82','NVG-RGAE','101BA5B50265A49ECBD916BB64EA6F1C','0','1 1. 1.');

REM INSERTING into SIC.ADM_ACCESS_RULE
SET DEFINE OFF;
Insert into SIC.ADM_ACCESS_RULE (ACCESS_RULE_ID,SUBSYSTEM_NUMBER,RULE_CODE,RULE_NAME) values ('41','2','DESC_MODE','Доступ к режиму "Справочники"');
Insert into SIC.ADM_ACCESS_RULE (ACCESS_RULE_ID,SUBSYSTEM_NUMBER,RULE_CODE,RULE_NAME) values ('42','2','DESC_GROUP_ADD','Создание справочника');
Insert into SIC.ADM_ACCESS_RULE (ACCESS_RULE_ID,SUBSYSTEM_NUMBER,RULE_CODE,RULE_NAME) values ('43','2','DESC_GROUP_VIEW','Просмотр справочника');
Insert into SIC.ADM_ACCESS_RULE (ACCESS_RULE_ID,SUBSYSTEM_NUMBER,RULE_CODE,RULE_NAME) values ('44','2','DESC_GROUP_EDIT','Редактирование справочника');
Insert into SIC.ADM_ACCESS_RULE (ACCESS_RULE_ID,SUBSYSTEM_NUMBER,RULE_CODE,RULE_NAME) values ('45','2','DESC_GROUP_DEL','Удаление справочника');
Insert into SIC.ADM_ACCESS_RULE (ACCESS_RULE_ID,SUBSYSTEM_NUMBER,RULE_CODE,RULE_NAME) values ('46','2','DESC_GROUP_SYS','Работа с системными справочниками');
Insert into SIC.ADM_ACCESS_RULE (ACCESS_RULE_ID,SUBSYSTEM_NUMBER,RULE_CODE,RULE_NAME) values ('47','2','DESC_VALUE_ADD','Создание значения справочника');
Insert into SIC.ADM_ACCESS_RULE (ACCESS_RULE_ID,SUBSYSTEM_NUMBER,RULE_CODE,RULE_NAME) values ('48','2','DESC_VALUE_VIEW','Просмотр значения справочника');
Insert into SIC.ADM_ACCESS_RULE (ACCESS_RULE_ID,SUBSYSTEM_NUMBER,RULE_CODE,RULE_NAME) values ('49','2','DESC_VALUE_EDIT','Редактирование значения справочника');
Insert into SIC.ADM_ACCESS_RULE (ACCESS_RULE_ID,SUBSYSTEM_NUMBER,RULE_CODE,RULE_NAME) values ('50','2','DESC_VALUE_DEL','Удаление значения справочника');
Insert into SIC.ADM_ACCESS_RULE (ACCESS_RULE_ID,SUBSYSTEM_NUMBER,RULE_CODE,RULE_NAME) values ('51','1','ADM_USER_MODE','Доступ к режиму "Пользователи"');
Insert into SIC.ADM_ACCESS_RULE (ACCESS_RULE_ID,SUBSYSTEM_NUMBER,RULE_CODE,RULE_NAME) values ('52','1','ADM_USER_ADD','Создание пользователя');
Insert into SIC.ADM_ACCESS_RULE (ACCESS_RULE_ID,SUBSYSTEM_NUMBER,RULE_CODE,RULE_NAME) values ('53','1','ADM_USER_VIEW','Просмотр пользователя');
Insert into SIC.ADM_ACCESS_RULE (ACCESS_RULE_ID,SUBSYSTEM_NUMBER,RULE_CODE,RULE_NAME) values ('54','1','ADM_USER_EDIT','Редактирование пользователя');
Insert into SIC.ADM_ACCESS_RULE (ACCESS_RULE_ID,SUBSYSTEM_NUMBER,RULE_CODE,RULE_NAME) values ('55','1','ADM_USER_BLOCK','Блокировка пользователя');
Insert into SIC.ADM_ACCESS_RULE (ACCESS_RULE_ID,SUBSYSTEM_NUMBER,RULE_CODE,RULE_NAME) values ('56','1','ADM_USER_DEL','Удаление пользователя');
Insert into SIC.ADM_ACCESS_RULE (ACCESS_RULE_ID,SUBSYSTEM_NUMBER,RULE_CODE,RULE_NAME) values ('57','1','ADM_GROUP_MODE','Доступ к режиму "Группы пользователей"');
Insert into SIC.ADM_ACCESS_RULE (ACCESS_RULE_ID,SUBSYSTEM_NUMBER,RULE_CODE,RULE_NAME) values ('58','1','ADM_GROUP_ADD','Создание группы пользователей');
Insert into SIC.ADM_ACCESS_RULE (ACCESS_RULE_ID,SUBSYSTEM_NUMBER,RULE_CODE,RULE_NAME) values ('59','1','ADM_GROUP_EDIT','Редактирование группы пользователей');
Insert into SIC.ADM_ACCESS_RULE (ACCESS_RULE_ID,SUBSYSTEM_NUMBER,RULE_CODE,RULE_NAME) values ('60','1','ADM_GROUP_DEL','Удаление группы пользователей');
Insert into SIC.ADM_ACCESS_RULE (ACCESS_RULE_ID,SUBSYSTEM_NUMBER,RULE_CODE,RULE_NAME) values ('85','6','Q_RULE_SUPERVISOR','Супервизор');
Insert into SIC.ADM_ACCESS_RULE (ACCESS_RULE_ID,SUBSYSTEM_NUMBER,RULE_CODE,RULE_NAME) values ('86','6','Q_RULE_SEXECUTOR','Суперисполнитель');
Insert into SIC.ADM_ACCESS_RULE (ACCESS_RULE_ID,SUBSYSTEM_NUMBER,RULE_CODE,RULE_NAME) values ('81','6','Q_RULE_USER','Пользователь подсистемы');
Insert into SIC.ADM_ACCESS_RULE (ACCESS_RULE_ID,SUBSYSTEM_NUMBER,RULE_CODE,RULE_NAME) values ('82','6','Q_RULE_REGISTRATOR','Регистратор');
Insert into SIC.ADM_ACCESS_RULE (ACCESS_RULE_ID,SUBSYSTEM_NUMBER,RULE_CODE,RULE_NAME) values ('83','6','Q_RULE_COORDINATOR','Координатор');
Insert into SIC.ADM_ACCESS_RULE (ACCESS_RULE_ID,SUBSYSTEM_NUMBER,RULE_CODE,RULE_NAME) values ('84','6','Q_RULE_EXECUTOR','Исполнитель');

REM INSERTING into SIC.ADM_EMPLOYEE
SET DEFINE OFF;
Insert into SIC.ADM_EMPLOYEE (EMPLOYEE_ID,USER_ID,DEPARTMENT_ID,POSITION_ID,LAST_NAME,FIRST_NAME,MIDDLE_NAME) values ('1','101','87','200','Уникум','У','У');
Insert into SIC.ADM_EMPLOYEE (EMPLOYEE_ID,USER_ID,DEPARTMENT_ID,POSITION_ID,LAST_NAME,FIRST_NAME,MIDDLE_NAME) values ('45','145','86','200','СИЦ','С','С');
Insert into SIC.ADM_EMPLOYEE (EMPLOYEE_ID,USER_ID,DEPARTMENT_ID,POSITION_ID,LAST_NAME,FIRST_NAME,MIDDLE_NAME) values ('264','385','89','210','1','1','1');

REM INSERTING into SIC.ADM_GROUP
SET DEFINE OFF;
Insert into SIC.ADM_GROUP (GROUP_ID,GROUP_NAME,GROUP_NOTE) values ('61','Администрирование справочников',null);
Insert into SIC.ADM_GROUP (GROUP_ID,GROUP_NAME,GROUP_NOTE) values ('62','Администрирование пользователей',null);
Insert into SIC.ADM_GROUP (GROUP_ID,GROUP_NAME,GROUP_NOTE) values ('63','Администрирование групп пользователей',null);
Insert into SIC.ADM_GROUP (GROUP_ID,GROUP_NAME,GROUP_NOTE) values ('104','Супервизор','Супервизор');
Insert into SIC.ADM_GROUP (GROUP_ID,GROUP_NAME,GROUP_NOTE) values ('121','Суперисполнитель','Возможность исполнять любой запрос архива');
Insert into SIC.ADM_GROUP (GROUP_ID,GROUP_NAME,GROUP_NOTE) values ('101','Регистратор','Возможность заполнять карточку "Регистрация Запроса"');
Insert into SIC.ADM_GROUP (GROUP_ID,GROUP_NAME,GROUP_NOTE) values ('102','Координатор','Возможность заполнять карточку "Передача на исполнение"');
Insert into SIC.ADM_GROUP (GROUP_ID,GROUP_NAME,GROUP_NOTE) values ('103','Исполнитель','Возможность заполнять карточку "Исполнение Запроса"');

REM INSERTING into SIC.ADM_GROUP_RULE
SET DEFINE OFF;
Insert into SIC.ADM_GROUP_RULE (GROUP_ID,ACCESS_RULE_ID) values ('61','41');
Insert into SIC.ADM_GROUP_RULE (GROUP_ID,ACCESS_RULE_ID) values ('61','42');
Insert into SIC.ADM_GROUP_RULE (GROUP_ID,ACCESS_RULE_ID) values ('61','43');
Insert into SIC.ADM_GROUP_RULE (GROUP_ID,ACCESS_RULE_ID) values ('61','44');
Insert into SIC.ADM_GROUP_RULE (GROUP_ID,ACCESS_RULE_ID) values ('61','45');
Insert into SIC.ADM_GROUP_RULE (GROUP_ID,ACCESS_RULE_ID) values ('61','46');
Insert into SIC.ADM_GROUP_RULE (GROUP_ID,ACCESS_RULE_ID) values ('61','47');
Insert into SIC.ADM_GROUP_RULE (GROUP_ID,ACCESS_RULE_ID) values ('61','48');
Insert into SIC.ADM_GROUP_RULE (GROUP_ID,ACCESS_RULE_ID) values ('61','49');
Insert into SIC.ADM_GROUP_RULE (GROUP_ID,ACCESS_RULE_ID) values ('61','50');
Insert into SIC.ADM_GROUP_RULE (GROUP_ID,ACCESS_RULE_ID) values ('62','51');
Insert into SIC.ADM_GROUP_RULE (GROUP_ID,ACCESS_RULE_ID) values ('62','52');
Insert into SIC.ADM_GROUP_RULE (GROUP_ID,ACCESS_RULE_ID) values ('62','53');
Insert into SIC.ADM_GROUP_RULE (GROUP_ID,ACCESS_RULE_ID) values ('62','54');
Insert into SIC.ADM_GROUP_RULE (GROUP_ID,ACCESS_RULE_ID) values ('62','55');
Insert into SIC.ADM_GROUP_RULE (GROUP_ID,ACCESS_RULE_ID) values ('62','56');
Insert into SIC.ADM_GROUP_RULE (GROUP_ID,ACCESS_RULE_ID) values ('63','57');
Insert into SIC.ADM_GROUP_RULE (GROUP_ID,ACCESS_RULE_ID) values ('63','58');
Insert into SIC.ADM_GROUP_RULE (GROUP_ID,ACCESS_RULE_ID) values ('63','59');
Insert into SIC.ADM_GROUP_RULE (GROUP_ID,ACCESS_RULE_ID) values ('63','60');
Insert into SIC.ADM_GROUP_RULE (GROUP_ID,ACCESS_RULE_ID) values ('101','82');
Insert into SIC.ADM_GROUP_RULE (GROUP_ID,ACCESS_RULE_ID) values ('102','83');
Insert into SIC.ADM_GROUP_RULE (GROUP_ID,ACCESS_RULE_ID) values ('103','84');
Insert into SIC.ADM_GROUP_RULE (GROUP_ID,ACCESS_RULE_ID) values ('104','85');
Insert into SIC.ADM_GROUP_RULE (GROUP_ID,ACCESS_RULE_ID) values ('121','86');

REM INSERTING into SIC.ADM_USER_GROUP
SET DEFINE OFF;
Insert into SIC.ADM_USER_GROUP (USER_ID,GROUP_ID) values ('61','61');
Insert into SIC.ADM_USER_GROUP (USER_ID,GROUP_ID) values ('61','62');
Insert into SIC.ADM_USER_GROUP (USER_ID,GROUP_ID) values ('61','63');
Insert into SIC.ADM_USER_GROUP (USER_ID,GROUP_ID) values ('101','104');
Insert into SIC.ADM_USER_GROUP (USER_ID,GROUP_ID) values ('145','101');
Insert into SIC.ADM_USER_GROUP (USER_ID,GROUP_ID) values ('145','102');
Insert into SIC.ADM_USER_GROUP (USER_ID,GROUP_ID) values ('145','103');
Insert into SIC.ADM_USER_GROUP (USER_ID,GROUP_ID) values ('385','101');
Insert into SIC.ADM_USER_GROUP (USER_ID,GROUP_ID) values ('385','102');
Insert into SIC.ADM_USER_GROUP (USER_ID,GROUP_ID) values ('385','103');
Insert into SIC.ADM_USER_GROUP (USER_ID,GROUP_ID) values ('385','104');
Insert into SIC.ADM_USER_GROUP (USER_ID,GROUP_ID) values ('385','121');

REM INSERTING into SIC.DESCRIPTOR_GROUP_ATTR
SET DEFINE OFF;
Insert into SIC.DESCRIPTOR_GROUP_ATTR (DESCRIPTOR_GROUP_ATTR_ID,DESCRIPTOR_GROUP_ID,DATATYPE_CODE,ATTR_NAME,ATTR_CODE,SORT_ORDER,IS_COLLECTION,IS_REQUIRED,REF_DESCRIPTOR_GROUP_ID) values ('41','103','DESCRIPTOR','Тип элемента организационной структуры','ORG_STRUCTURE_TYPE','1','0','1','102');
Insert into SIC.DESCRIPTOR_GROUP_ATTR (DESCRIPTOR_GROUP_ATTR_ID,DESCRIPTOR_GROUP_ID,DATATYPE_CODE,ATTR_NAME,ATTR_CODE,SORT_ORDER,IS_COLLECTION,IS_REQUIRED,REF_DESCRIPTOR_GROUP_ID) values ('63','101','BOOLEAN','Возможность создания через режим администратора','CREATABLE_BY_ADMIN','1','0','1',null);
Insert into SIC.DESCRIPTOR_GROUP_ATTR (DESCRIPTOR_GROUP_ATTR_ID,DESCRIPTOR_GROUP_ID,DATATYPE_CODE,ATTR_NAME,ATTR_CODE,SORT_ORDER,IS_COLLECTION,IS_REQUIRED,REF_DESCRIPTOR_GROUP_ID) values ('81','103','TEXT','Адрес','ORG_ADDRESS','3','0','0',null);
Insert into SIC.DESCRIPTOR_GROUP_ATTR (DESCRIPTOR_GROUP_ATTR_ID,DESCRIPTOR_GROUP_ID,DATATYPE_CODE,ATTR_NAME,ATTR_CODE,SORT_ORDER,IS_COLLECTION,IS_REQUIRED,REF_DESCRIPTOR_GROUP_ID) values ('64','103','TEXT','Литера','MEMBER_LETTER','0','0','0',null);

REM INSERTING into SIC.DESCRIPTOR_VALUE_ATTR
SET DEFINE OFF;
Insert into SIC.DESCRIPTOR_VALUE_ATTR (DESCRIPTOR_VALUE_ATTR_ID,DESCRIPTOR_VALUE_ID,DESCRIPTOR_GROUP_ATTR_ID,ATTR_VALUE,REF_DESCRIPTOR_VALUE_ID) values ('21','86','41',null,'85');
Insert into SIC.DESCRIPTOR_VALUE_ATTR (DESCRIPTOR_VALUE_ATTR_ID,DESCRIPTOR_VALUE_ID,DESCRIPTOR_GROUP_ATTR_ID,ATTR_VALUE,REF_DESCRIPTOR_VALUE_ID) values ('22','87','41',null,'83');
Insert into SIC.DESCRIPTOR_VALUE_ATTR (DESCRIPTOR_VALUE_ATTR_ID,DESCRIPTOR_VALUE_ID,DESCRIPTOR_GROUP_ATTR_ID,ATTR_VALUE,REF_DESCRIPTOR_VALUE_ID) values ('23','88','41',null,'83');
Insert into SIC.DESCRIPTOR_VALUE_ATTR (DESCRIPTOR_VALUE_ATTR_ID,DESCRIPTOR_VALUE_ID,DESCRIPTOR_GROUP_ATTR_ID,ATTR_VALUE,REF_DESCRIPTOR_VALUE_ID) values ('24','89','41',null,'83');
Insert into SIC.DESCRIPTOR_VALUE_ATTR (DESCRIPTOR_VALUE_ATTR_ID,DESCRIPTOR_VALUE_ID,DESCRIPTOR_GROUP_ATTR_ID,ATTR_VALUE,REF_DESCRIPTOR_VALUE_ID) values ('25','90','41',null,'83');
Insert into SIC.DESCRIPTOR_VALUE_ATTR (DESCRIPTOR_VALUE_ATTR_ID,DESCRIPTOR_VALUE_ID,DESCRIPTOR_GROUP_ATTR_ID,ATTR_VALUE,REF_DESCRIPTOR_VALUE_ID) values ('51','81','63','true',null);
Insert into SIC.DESCRIPTOR_VALUE_ATTR (DESCRIPTOR_VALUE_ATTR_ID,DESCRIPTOR_VALUE_ID,DESCRIPTOR_GROUP_ATTR_ID,ATTR_VALUE,REF_DESCRIPTOR_VALUE_ID) values ('52','82','63','true',null);
Insert into SIC.DESCRIPTOR_VALUE_ATTR (DESCRIPTOR_VALUE_ATTR_ID,DESCRIPTOR_VALUE_ID,DESCRIPTOR_GROUP_ATTR_ID,ATTR_VALUE,REF_DESCRIPTOR_VALUE_ID) values ('92','87','81','ул. Большая Пироговская, д. 17, г. Москва, 119435, тел. канцелярии: (495)580-88-41',null);
Insert into SIC.DESCRIPTOR_VALUE_ATTR (DESCRIPTOR_VALUE_ATTR_ID,DESCRIPTOR_VALUE_ID,DESCRIPTOR_GROUP_ATTR_ID,ATTR_VALUE,REF_DESCRIPTOR_VALUE_ID) values ('93','89','81','ул. Большая Пироговская, д. 17, г. Москва, 119435, тел. канцелярии: (499)245-26-64',null);
Insert into SIC.DESCRIPTOR_VALUE_ATTR (DESCRIPTOR_VALUE_ATTR_ID,DESCRIPTOR_VALUE_ID,DESCRIPTOR_GROUP_ATTR_ID,ATTR_VALUE,REF_DESCRIPTOR_VALUE_ID) values ('94','88','81','ул. Профсоюзная, д. 82, г. Москва, 117393, тел. канцелярии: (495)335-00-95',null);
Insert into SIC.DESCRIPTOR_VALUE_ATTR (DESCRIPTOR_VALUE_ATTR_ID,DESCRIPTOR_VALUE_ID,DESCRIPTOR_GROUP_ATTR_ID,ATTR_VALUE,REF_DESCRIPTOR_VALUE_ID) values ('95','302','81','ул. Адмирала Макарова, 29, г. Москва, 125212, тел.: (499)159-88-39',null);
Insert into SIC.DESCRIPTOR_VALUE_ATTR (DESCRIPTOR_VALUE_ATTR_ID,DESCRIPTOR_VALUE_ID,DESCRIPTOR_GROUP_ATTR_ID,ATTR_VALUE,REF_DESCRIPTOR_VALUE_ID) values ('96','90','81','ул. Выборгская, д. 3, корп. 2, г. Москва, 125212, тел: (499)159-70-06',null);
Insert into SIC.DESCRIPTOR_VALUE_ATTR (DESCRIPTOR_VALUE_ATTR_ID,DESCRIPTOR_VALUE_ID,DESCRIPTOR_GROUP_ATTR_ID,ATTR_VALUE,REF_DESCRIPTOR_VALUE_ID) values ('97','300','81','ул. Большая Дмитровка, д. 15, г. Москва, 101999, тел. канцелярии: (495)694-51-12',null);
Insert into SIC.DESCRIPTOR_VALUE_ATTR (DESCRIPTOR_VALUE_ATTR_ID,DESCRIPTOR_VALUE_ID,DESCRIPTOR_GROUP_ATTR_ID,ATTR_VALUE,REF_DESCRIPTOR_VALUE_ID) values ('98','301','81','ул. Ильинка, д. 12, г. Москва, 103132, тел. канцелярии: (495)606-50-30',null);
Insert into SIC.DESCRIPTOR_VALUE_ATTR (DESCRIPTOR_VALUE_ATTR_ID,DESCRIPTOR_VALUE_ID,DESCRIPTOR_GROUP_ATTR_ID,ATTR_VALUE,REF_DESCRIPTOR_VALUE_ID) values ('81','86','64','СИЦ',null);
Insert into SIC.DESCRIPTOR_VALUE_ATTR (DESCRIPTOR_VALUE_ATTR_ID,DESCRIPTOR_VALUE_ID,DESCRIPTOR_GROUP_ATTR_ID,ATTR_VALUE,REF_DESCRIPTOR_VALUE_ID) values ('82','87','64','ГАРФ',null);
Insert into SIC.DESCRIPTOR_VALUE_ATTR (DESCRIPTOR_VALUE_ATTR_ID,DESCRIPTOR_VALUE_ID,DESCRIPTOR_GROUP_ATTR_ID,ATTR_VALUE,REF_DESCRIPTOR_VALUE_ID) values ('83','89','64','РГАЭ',null);
Insert into SIC.DESCRIPTOR_VALUE_ATTR (DESCRIPTOR_VALUE_ATTR_ID,DESCRIPTOR_VALUE_ID,DESCRIPTOR_GROUP_ATTR_ID,ATTR_VALUE,REF_DESCRIPTOR_VALUE_ID) values ('84','88','64','РГАНТД',null);
Insert into SIC.DESCRIPTOR_VALUE_ATTR (DESCRIPTOR_VALUE_ATTR_ID,DESCRIPTOR_VALUE_ID,DESCRIPTOR_GROUP_ATTR_ID,ATTR_VALUE,REF_DESCRIPTOR_VALUE_ID) values ('85','90','64','РГАЛИ',null);
Insert into SIC.DESCRIPTOR_VALUE_ATTR (DESCRIPTOR_VALUE_ATTR_ID,DESCRIPTOR_VALUE_ID,DESCRIPTOR_GROUP_ATTR_ID,ATTR_VALUE,REF_DESCRIPTOR_VALUE_ID) values ('86','300','64','РГАСПИ',null);
Insert into SIC.DESCRIPTOR_VALUE_ATTR (DESCRIPTOR_VALUE_ATTR_ID,DESCRIPTOR_VALUE_ID,DESCRIPTOR_GROUP_ATTR_ID,ATTR_VALUE,REF_DESCRIPTOR_VALUE_ID) values ('87','300','41',null,'83');
Insert into SIC.DESCRIPTOR_VALUE_ATTR (DESCRIPTOR_VALUE_ATTR_ID,DESCRIPTOR_VALUE_ID,DESCRIPTOR_GROUP_ATTR_ID,ATTR_VALUE,REF_DESCRIPTOR_VALUE_ID) values ('88','301','64','РГАНИ',null);
Insert into SIC.DESCRIPTOR_VALUE_ATTR (DESCRIPTOR_VALUE_ATTR_ID,DESCRIPTOR_VALUE_ID,DESCRIPTOR_GROUP_ATTR_ID,ATTR_VALUE,REF_DESCRIPTOR_VALUE_ID) values ('89','301','41',null,'83');
Insert into SIC.DESCRIPTOR_VALUE_ATTR (DESCRIPTOR_VALUE_ATTR_ID,DESCRIPTOR_VALUE_ID,DESCRIPTOR_GROUP_ATTR_ID,ATTR_VALUE,REF_DESCRIPTOR_VALUE_ID) values ('90','302','64','РГВА',null);
Insert into SIC.DESCRIPTOR_VALUE_ATTR (DESCRIPTOR_VALUE_ATTR_ID,DESCRIPTOR_VALUE_ID,DESCRIPTOR_GROUP_ATTR_ID,ATTR_VALUE,REF_DESCRIPTOR_VALUE_ID) values ('91','302','41',null,'83');
